{"v":"5.5.7","meta":{"g":"LottieFiles AE 0.1.20","a":"Dennis Lee","k":"add to cart, cart","d":"","tc":""},"fr":60,"ip":0,"op":120,"w":500,"h":500,"nm":"Add to cart","ddd":0,"assets":[],"layers":[{"ddd":0,"ind":1,"ty":4,"nm":"square","sr":1,"ks":{"o":{"a":0,"k":100,"ix":11},"r":{"a":1,"k":[{"i":{"x":[0.667],"y":[1]},"o":{"x":[0.333],"y":[0]},"t":0,"s":[0]},{"i":{"x":[0.322],"y":[2.342]},"o":{"x":[0.333],"y":[0]},"t":9,"s":[-30]},{"t":25,"s":[0]}],"ix":10},"p":{"a":1,"k":[{"i":{"x":0.833,"y":0.833},"o":{"x":0.847,"y":0},"t":40,"s":[261.134,110.324,0],"to":[0,31.613,0],"ti":[0,-31.613,0]},{"t":64,"s":[261.134,300,0]}],"ix":2},"a":{"a":0,"k":[-2.024,-139.676,0],"ix":1},"s":{"a":1,"k":[{"i":{"x":[0.314,0.314,0.667],"y":[1.485,1.485,1]},"o":{"x":[0.333,0.333,0.333],"y":[0,0,0]},"t":0,"s":[0,0,100]},{"t":8,"s":[150,150,100]}],"ix":6}},"ao":0,"shapes":[{"ty":"gr","it":[{"ty":"rc","d":1,"s":{"a":0,"k":[64.777,64.777],"ix":2},"p":{"a":0,"k":[0,0],"ix":3},"r":{"a":0,"k":0,"ix":4},"nm":"Rectangle Path 1","mn":"ADBE Vector Shape - Rect","hd":false},{"ty":"st","c":{"a":0,"k":[1,1,1,1],"ix":3},"o":{"a":0,"k":100,"ix":4},"w":{"a":0,"k":0,"ix":5},"lc":1,"lj":1,"ml":4,"bm":0,"nm":"Stroke 1","mn":"ADBE Vector Graphic - Stroke","hd":false},{"ty":"fl","c":{"a":0,"k":[0,0,0,1],"ix":4},"o":{"a":0,"k":100,"ix":5},"r":1,"bm":0,"nm":"Fill 1","mn":"ADBE Vector Graphic - Fill","hd":false},{"ty":"tr","p":{"a":0,"k":[9.109,-153.846],"ix":2},"a":{"a":0,"k":[0,0],"ix":1},"s":{"a":0,"k":[100,100],"ix":3},"r":{"a":0,"k":0,"ix":6},"o":{"a":0,"k":100,"ix":7},"sk":{"a":0,"k":0,"ix":4},"sa":{"a":0,"k":0,"ix":5},"nm":"Transform"}],"nm":"Rectangle 1","np":3,"cix":2,"bm":0,"ix":1,"mn":"ADBE Vector Group","hd":false}],"ip":0,"op":120,"st":-30,"bm":0},{"ddd":0,"ind":2,"ty":4,"nm":"cart","sr":1,"ks":{"o":{"a":0,"k":100,"ix":11},"r":{"a":0,"k":0,"ix":10},"p":{"a":0,"k":[245.494,306.575,0],"ix":2},"a":{"a":0,"k":[230.5,195,0],"ix":1},"s":{"a":0,"k":[77.652,77.652,100],"ix":6}},"ao":0,"shapes":[{"ty":"gr","it":[{"ind":0,"ty":"sh","ix":1,"ks":{"a":0,"k":{"i":[[5.925,0],[0,0],[2.564,12.335],[2.919,14.06],[3.625,0],[0,0],[-11.23,0],[0,0],[-10.391,-49.607],[-0.442,-1.062],[-9.55,-45.804],[0,0],[0,0],[0,0],[0,0],[-0.008,0],[0,0],[-4.463,0],[0,0],[0,-6.793],[-14.725,0],[0,14.723],[4.183,4.708],[0,0],[0,0],[0,0],[0,-6.793],[-14.724,0],[0,14.723],[4.181,4.708],[0,0],[0,4.217],[4.217,0],[0,0],[0,0],[0,0],[2.519,12.098],[0,0],[-0.796,3.758],[-2.785,13.043],[0,0],[-2.963,14.06],[-1.12,5.262],[-2.963,13.883],[-1.12,5.262],[-1.371,6.456]],"o":[[0,0],[-2.608,-12.292],[-2.962,-14.061],[-0.795,-3.803],[0,0],[-11.186,0],[0,0],[10.347,49.564],[0,1.15],[9.55,45.805],[0,0],[0,0],[0,0],[0,0],[0.008,0.001],[0,0],[1.177,4.217],[0,0],[-4.183,4.708],[0,14.723],[14.724,0],[0,-6.793],[0,0],[0,0],[0,0],[-4.182,4.708],[0,14.723],[14.724,0],[0,-6.793],[0,0],[4.217,0],[0,-4.217],[0,0],[0,0],[0,0],[-2.506,-12.109],[0,0],[3.625,0],[2.786,-13.043],[0,0],[3.007,-14.06],[1.12,-5.262],[3.006,-13.883],[1.12,-5.262],[1.371,-6.455],[1.194,-5.571]],"v":[[220.317,-108.818],[-144.005,-108.818],[-151.698,-145.78],[-160.541,-188.049],[-168.941,-194.548],[-218.682,-194.548],[-218.682,-176.863],[-176.016,-176.863],[-144.977,-28.128],[-144.27,-24.767],[-115.62,112.692],[-110.98,134.874],[-111.162,134.874],[-110.44,137.457],[-110.368,137.801],[-110.344,137.803],[-109.02,142.541],[-98.765,150.208],[-62.937,150.208],[-69.681,167.889],[-43.02,194.549],[-16.359,167.889],[-23.103,150.208],[44.875,150.208],[54.737,150.208],[100.038,150.208],[93.295,167.889],[119.955,194.549],[146.616,167.889],[139.873,150.208],[172.839,150.208],[180.506,142.541],[172.839,134.874],[50.784,134.874],[45.185,134.874],[-93.203,134.874],[-100.764,98.545],[179.906,98.545],[188.306,92.046],[196.663,52.917],[200.023,37.088],[208.999,-5.136],[212.359,-20.921],[221.246,-62.526],[224.606,-78.311],[228.718,-97.632]],"c":true},"ix":2},"nm":"Path 1","mn":"ADBE Vector Shape - Group","hd":false},{"ty":"fl","c":{"a":0,"k":[0.016000001571,0,0,1],"ix":4},"o":{"a":0,"k":100,"ix":5},"r":1,"bm":0,"nm":"Fill 1","mn":"ADBE Vector Graphic - Fill","hd":false},{"ty":"tr","p":{"a":0,"k":[230.162,194.798],"ix":2},"a":{"a":0,"k":[0,0],"ix":1},"s":{"a":0,"k":[100,100],"ix":3},"r":{"a":0,"k":0,"ix":6},"o":{"a":0,"k":100,"ix":7},"sk":{"a":0,"k":0,"ix":4},"sa":{"a":0,"k":0,"ix":5},"nm":"Transform"}],"nm":"Group 1","np":2,"cix":2,"bm":0,"ix":1,"mn":"ADBE Vector Group","hd":false}],"ip":0,"op":120,"st":0,"bm":0}],"markers":[]}