{"v":"5.1.18","fr":30,"ip":0,"op":120,"w":1080,"h":1080,"nm":"Loader 2","ddd":0,"assets":[],"layers":[{"ddd":0,"ind":1,"ty":4,"nm":"Outline Sides 4","parent":2,"sr":1,"ks":{"o":{"a":0,"k":100,"ix":11},"r":{"a":0,"k":0,"ix":10},"p":{"a":0,"k":[102.47,68.411,0],"ix":2},"a":{"a":0,"k":[0,0,0],"ix":1},"s":{"a":0,"k":[21.675,21.675,100],"ix":6}},"ao":0,"shapes":[{"ty":"gr","it":[{"ind":0,"ty":"sh","ix":1,"ks":{"a":0,"k":{"i":[[0,0],[0,0],[0,0],[0,0],[0,0]],"o":[[0,0],[0,0],[0,0],[0,0],[0,0]],"v":[[-108.75,-72.625],[-179.313,-141.563],[-297,-19.5],[-158.188,117.188],[-85.25,44]],"c":false},"ix":2},"nm":"Path 1","mn":"ADBE Vector Shape - Group","hd":false},{"ind":1,"ty":"sh","ix":2,"ks":{"a":0,"k":{"i":[[0,0],[0,0],[0,0],[0,0],[0,0]],"o":[[0,0],[0,0],[0,0],[0,0],[0,0]],"v":[[109.5,-72.75],[177.438,-141.563],[315.75,-3],[198.25,113.5],[130,45]],"c":false},"ix":2},"nm":"Path 2","mn":"ADBE Vector Shape - Group","hd":false},{"ty":"tr","p":{"a":0,"k":[0,0],"ix":2},"a":{"a":0,"k":[0,0],"ix":1},"s":{"a":0,"k":[100,100],"ix":3},"r":{"a":0,"k":0,"ix":6},"o":{"a":0,"k":100,"ix":7},"sk":{"a":0,"k":0,"ix":4},"sa":{"a":0,"k":0,"ix":5},"nm":"Transform"}],"nm":"Shape 1","np":2,"cix":2,"ix":1,"mn":"ADBE Vector Group","hd":false},{"ty":"tm","s":{"a":0,"k":42,"ix":1},"e":{"a":0,"k":0,"ix":2},"o":{"a":1,"k":[{"i":{"x":[0.447],"y":[0.812]},"o":{"x":[0.546],"y":[0.209]},"n":["0p447_0p812_0p546_0p209"],"t":0,"s":[-76],"e":[644]},{"t":119}],"ix":3},"m":2,"ix":2,"nm":"Trim Paths 1","mn":"ADBE Vector Filter - Trim","hd":false},{"ty":"gs","o":{"a":0,"k":100,"ix":9},"w":{"a":0,"k":29,"ix":10},"g":{"p":3,"k":{"a":0,"k":[0,0.012,0.835,0.702,0.206,0.145,0.5,0.539,0.77,0.278,0.165,0.376],"ix":8}},"s":{"a":0,"k":[-73,0],"ix":4},"e":{"a":0,"k":[151,0],"ix":5},"t":1,"lc":1,"lj":1,"ml":4,"nm":"Gradient Stroke 2","mn":"ADBE Vector Graphic - G-Stroke","hd":false}],"ip":0,"op":120,"st":-27,"bm":0},{"ddd":0,"ind":2,"ty":4,"nm":"Fill Center","sr":1,"ks":{"o":{"a":0,"k":100,"ix":11},"r":{"a":0,"k":0,"ix":10},"p":{"a":0,"k":[520.938,518.938,0],"ix":2},"a":{"a":0,"k":[103.5,66,0],"ix":1},"s":{"a":0,"k":[461.353,461.353,100],"ix":6}},"ao":0,"shapes":[{"ty":"gr","it":[{"ind":0,"ty":"sh","ix":1,"ks":{"a":0,"k":{"i":[[0,0],[0,0],[0,0],[0,0],[0,0],[0,0],[0,0],[0,0],[0,0],[0,0]],"o":[[0,0],[0,0],[0,0],[0,0],[0,0],[0,0],[0,0],[0,0],[0,0],[0,0]],"v":[[-19.15,14.9],[-2.15,31.9],[31.85,-2.1],[27.55,-6.4],[-2.15,23.4],[-14.85,10.6],[6.45,-10.7],[2.15,-15],[-19.15,6.4],[-23.45,10.7]],"c":true},"ix":2},"nm":"Path 1","mn":"ADBE Vector Shape - Group","hd":false},{"ind":1,"ty":"sh","ix":2,"ks":{"a":0,"k":{"i":[[0,0],[0,0],[0,0],[0,0],[0,0],[0,0],[0,0],[0,0],[0,0],[0,0],[0,0],[0,0]],"o":[[0,0],[0,0],[0,0],[0,0],[0,0],[0,0],[0,0],[0,0],[0,0],[0,0],[0,0],[0,0]],"v":[[19.15,-14.9],[6.35,-27.6],[2.05,-31.9],[-2.15,-27.6],[-31.85,2.1],[-27.55,6.3],[2.15,-23.4],[14.85,-10.6],[-6.35,10.6],[-2.05,14.9],[19.251,-6.4],[23.55,-10.6]],"c":true},"ix":2},"nm":"Path 2","mn":"ADBE Vector Shape - Group","hd":false},{"ty":"tr","p":{"a":0,"k":[104.954,65.304],"ix":2},"a":{"a":0,"k":[0,0],"ix":1},"s":{"a":0,"k":[100,100],"ix":3},"r":{"a":0,"k":0,"ix":6},"o":{"a":0,"k":100,"ix":7},"sk":{"a":0,"k":0,"ix":4},"sa":{"a":0,"k":0,"ix":5},"nm":"Transform"}],"nm":"Group 3","np":2,"cix":2,"ix":1,"mn":"ADBE Vector Group","hd":false},{"ty":"gf","o":{"a":0,"k":100,"ix":10},"r":1,"g":{"p":3,"k":{"a":0,"k":[0.088,0.012,0.835,0.702,0.374,0.145,0.5,0.539,0.95,0.278,0.165,0.376],"ix":9}},"s":{"a":0,"k":[62,13],"ix":5},"e":{"a":0,"k":[100,0],"ix":6},"t":1,"nm":"Gradient Fill 1","mn":"ADBE Vector Graphic - G-Fill","hd":false}],"ip":0,"op":120,"st":0,"bm":0}],"markers":[]}